{
    "AW": [
        12.51756625,
        -69.98186415210564
    ],
    "AF": [
        33.7680065,
        66.2385139
    ],
    "AO": [
        -11.8775768,
        17.5691241
    ],
    "AI": [
        18.1954947,
        -63.0750234
    ],
    "AX": [
        60.2166218,
        19.9438638
    ],
    "AL": [
        41.000028,
        19.9999619
    ],
    "AD": [
        42.5407167,
        1.5732033
    ],
    "AE": [
        24.0002488,
        53.9994829
    ],
    "AR": [
        -34.9964963,
        -64.9672817
    ],
    "AM": [
        40.7696272,
        44.6736646
    ],
    "AS": [
        -14.297124,
        -170.7131481
    ],
    "AQ": [
        -79.4063075,
        0.3149312
    ],
    "TF": [
        -49.237441950000004,
        69.62275903679347
    ],
    "AG": [
        17.2234721,
        -61.9554608
    ],
    "AU": [
        -24.7761086,
        134.755
    ],
    "AT": [
        47.59397,
        14.12456
    ],
    "AZ": [
        40.3936294,
        47.7872508
    ],
    "BI": [
        -3.426449,
        29.9324519
    ],
    "BE": [
        50.6402809,
        4.6667145
    ],
    "BJ": [
        9.5293472,
        2.2584408
    ],
    "BF": [
        12.0753083,
        -1.6880314
    ],
    "BD": [
        24.4769288,
        90.2934413
    ],
    "BG": [
        42.6073975,
        25.4856617
    ],
    "BH": [
        26.1551249,
        50.5344606
    ],
    "BS": [
        24.7736546,
        -78.0000547
    ],
    "BA": [
        44.3053476,
        17.5961467
    ],
    "BL": [
        17.9036287,
        -62.81152921501989
    ],
    "BY": [
        53.4250605,
        27.6971358
    ],
    "BZ": [
        16.8259793,
        -88.7600927
    ],
    "BM": [
        32.30382,
        -64.7561647
    ],
    "BO": [
        -17.0568696,
        -64.9912286
    ],
    "BR": [
        -10.3333333,
        -53.2
    ],
    "BB": [
        13.1500331,
        -59.5250305
    ],
    "BN": [
        4.4137155,
        114.5653908
    ],
    "BT": [
        27.549511,
        90.5119273
    ],
    "BV": [
        -54.4201305,
        3.3599732952297483
    ],
    "BW": [
        -23.1681782,
        24.5928742
    ],
    "CF": [
        7.0323598,
        19.9981227
    ],
    "CA": [
        61.0666922,
        -107.991707
    ],
    "CC": [
        -12.0728315,
        96.8409375
    ],
    "CH": [
        46.7985624,
        8.2319736
    ],
    "CL": [
        -31.7613365,
        -71.3187697
    ],
    "CN": [
        35.000074,
        104.999927
    ],
    "CI": [
        7.9897371,
        -5.5679458
    ],
    "CM": [
        4.6125522,
        13.1535811
    ],
    "CD": [
        -2.9814344,
        23.8222636
    ],
    "CG": [
        -2.9814344,
        23.8222636
    ],
    "CK": [
        -19.99697155,
        -157.78587140620786
    ],
    "CO": [
        4.099917,
        -72.9088133
    ],
    "KM": [
        -12.2045176,
        44.2832964
    ],
    "CV": [
        16.0000552,
        -24.0083947
    ],
    "CR": [
        10.2735633,
        -84.0739102
    ],
    "CU": [
        23.0131338,
        -80.8328748
    ],
    "CW": [
        12.21339425,
        -69.0408499890865
    ],
    "CX": [
        -10.49131475,
        105.61713690269079
    ],
    "KY": [
        19.703182249999998,
        -79.9174627243246
    ],
    "CY": [
        34.9823018,
        33.1451285
    ],
    "CZ": [
        49.7439047,
        15.3381061
    ],
    "DE": [
        51.1638175,
        10.4478313
    ],
    "DJ": [
        11.8145966,
        42.8453061
    ],
    "DM": [
        19.0974031,
        -70.3028026
    ],
    "DK": [
        55.670249,
        10.3333283
    ],
    "DO": [
        19.0974031,
        -70.3028026
    ],
    "DZ": [
        28.0000272,
        2.9999825
    ],
    "EC": [
        -1.3397668,
        -79.3666965
    ],
    "EG": [
        26.2540493,
        29.2675469
    ],
    "ER": [
        15.9500319,
        37.9999668
    ],
    "EH": [
        24.1797324,
        -13.7667848
    ],
    "ES": [
        39.3260685,
        -4.8379791
    ],
    "EE": [
        58.7523778,
        25.3319078
    ],
    "ET": [
        10.2116702,
        38.6521203
    ],
    "FI": [
        63.2467777,
        25.9209164
    ],
    "FJ": [
        -18.1239696,
        179.0122737
    ],
    "FK": [
        -51.9492937,
        -59.5383657
    ],
    "FR": [
        46.603354,
        1.8883335
    ],
    "FO": [
        62.0448724,
        -7.0322972
    ],
    "FM": [
        8.6062347,
        151.832744331612
    ],
    "GA": [
        -0.8999695,
        11.6899699
    ],
    "GB": [
        54.7023545,
        -3.2765753
    ],
    "GG": [
        49.4566233,
        -2.5822348
    ],
    "GH": [
        8.0300284,
        -1.0800271
    ],
    "GI": [
        36.1285933,
        -5.3474761
    ],
    "GN": [
        10.7226226,
        -10.7083587
    ],
    "GP": [
        16.2528827,
        -61.5686855
    ],
    "GM": [
        13.470062,
        -15.4900464
    ],
    "GW": [
        11.815215,
        -15.2351044
    ],
    "GQ": [
        1.613172,
        10.5170357
    ],
    "GR": [
        38.9953683,
        21.9877132
    ],
    "GD": [
        12.1360374,
        -61.6904045
    ],
    "GL": [
        77.6192349,
        -42.8125967
    ],
    "GT": [
        15.5855545,
        -90.345759
    ],
    "GF": [
        4.0039882,
        -52.999998
    ],
    "GU": [
        13.450125700000001,
        144.75755102972062
    ],
    "GY": [
        4.8417097,
        -58.6416891
    ],
    "HK": [
        22.2793278,
        114.1628131
    ],
    "HM": [
        -53.0166353,
        72.955751
    ],
    "HN": [
        15.2572432,
        -86.0755145
    ],
    "HR": [
        45.3658443,
        15.6575209
    ],
    "HT": [
        19.1399952,
        -72.3570972
    ],
    "HU": [
        47.1817585,
        19.5060937
    ],
    "ID": [
        -2.4833826,
        117.8902853
    ],
    "IM": [
        54.1936805,
        -4.5591148
    ],
    "IN": [
        22.3511148,
        78.6677428
    ],
    "IO": [
        -5.3497093499999995,
        71.86064227010121
    ],
    "IE": [
        52.865196,
        -7.9794599
    ],
    "IR": [
        32.6475314,
        54.5643516
    ],
    "IQ": [
        33.0955793,
        44.1749775
    ],
    "IS": [
        64.9841821,
        -18.1059013
    ],
    "IL": [
        30.8124247,
        34.8594762
    ],
    "IT": [
        42.6384261,
        12.674297
    ],
    "JM": [
        18.1850507,
        -77.3947693
    ],
    "JE": [
        49.2214561,
        -2.1358386
    ],
    "JO": [
        31.1667049,
        36.941628
    ],
    "JP": [
        36.5748441,
        139.2394179
    ],
    "KZ": [
        48.1012954,
        66.7780818
    ],
    "KE": [
        1.4419683,
        38.4313975
    ],
    "KG": [
        41.5089324,
        74.724091
    ],
    "KH": [
        12.5433216,
        104.8144914
    ],
    "KI": [
        0.3448612,
        173.6641773
    ],
    "KN": [
        17.250512,
        -62.6725973
    ],
    "KW": [
        29.2733964,
        47.4979476
    ],
    "LA": [
        20.0171109,
        103.378253
    ],
    "LB": [
        33.8750629,
        35.843409
    ],
    "LR": [
        5.7499721,
        -9.3658524
    ],
    "LY": [
        26.8234472,
        18.1236723
    ],
    "LC": [
        13.8250489,
        -60.975036
    ],
    "LI": [
        47.1416307,
        9.5531527
    ],
    "LK": [
        7.877395849999999,
        80.66247852355892
    ],
    "LS": [
        -29.6039267,
        28.3350193
    ],
    "LT": [
        55.3500003,
        23.7499997
    ],
    "LU": [
        49.8158683,
        6.1296751
    ],
    "LV": [
        56.8406494,
        24.7537645
    ],
    "MO": [
        22.1899448,
        113.5380454
    ],
    "MF": [
        18.0814066,
        -63.0467131
    ],
    "MA": [
        31.1728205,
        -7.3362482
    ],